codigo,municipio,n,accedieron
078,Baranoa,6268,5067
001,Barranquilla,62716,49313
137,Campo de la Cruz,667,619
141,Candelaria,939,813
296,Galapa,1484,1162
372,Juan de Acosta,758,598
421,Luruaco,2507,1995
433,Malambo,8319,5920
436,Manatí,1567,1478
520,Palmar de Varela,1156,854
549,Piojó,34,32
558,Polonuevo,1471,1177
560,Ponedera,2185,1787
573,Puerto Colombia,2778,2408
606,Repelón,3352,2581
634,Sabanagrande,1839,1525
638,Sabanalarga,7324,5790
675,Santa Lucía,522,471
685,Santo Tomás,1416,1220
758,Soledad,26672,20811
770,Suan,1246,1035
832,Tubará,473,407
849,Usiacurí,341,321
